Workbook

Sheet Özet
A1: Makine Alımları – Elden Nakit Ödeme Takibi
A2: ="Rapor tarihi: "&TEXT(TODAY(),"DD.MM.YYYY") -> Rapor tarihi: 26.10.2026
A4: Firma | B4: Para Birimi | C4: Sözleşme Tutarı | D4: Ödenen Toplam | E4: Kalan | F4: Ödeme Oranı | G4: Ödeme Adedi | H4: Son Ödeme Tarihi | I4: Teslim Öncesi Hedef (%60) | J4: Bugüne Kadar Planlanan | K4: Plana Göre Fark (+ ileri / − geri) | L4: TL Karşılığı Toplam | M4: Belgesiz Ödeme Adedi
A5: =Firmalar!A5 -> Özgün Mold | B5: =Firmalar!C5 -> USD | C5: =Firmalar!D5 -> 430000 | D5: =SUMIFS(Ödemeler!$E$6:$E$305,Ödemeler!$C$6:$C$305,A5) -> 0 | E5: =C5-D5 -> 430000 | F5: =IF(C5=0,0,D5/C5) -> 0 | G5: =COUNTIFS(Ödemeler!$C$6:$C$305,A5,Ödemeler!$E$6:$E$305,"<>") -> 0 | H5: =IF(G5=0,"-",_xlfn.MAXIFS(Ödemeler!$B$6:$B$305,Ödemeler!$C$6:$C$305,A5)) -> - | I5: =Firmalar!F5 -> 258000 | J5: =SUMIFS('Ödeme Planı'!$D$6:$D$60,'Ödeme Planı'!$A$6:$A$60,A5,'Ödeme Planı'!$C$6:$C$60,"<="&TODAY()) -> 0 | K5: =D5-J5 -> 0 | L5: =SUMIFS(Ödemeler!$M$6:$M$305,Ödemeler!$C$6:$C$305,A5) -> 0 | M5: =COUNTIFS(Ödemeler!$C$6:$C$305,A5,Ödemeler!$K$6:$K$305,"Hayır")+COUNTIFS(Ödemeler!$C$6:$C$305,A5,Ödemeler!$J$6:$J$305,"") -> 0
A6: =Firmalar!A6 -> Teknik Plastik | B6: =Firmalar!C6 -> EUR | C6: =Firmalar!D6 -> 275000 | D6: =SUMIFS(Ödemeler!$E$6:$E$305,Ödemeler!$C$6:$C$305,A6) -> 0 | E6: =C6-D6 -> 275000 | F6: =IF(C6=0,0,D6/C6) -> 0 | G6: =COUNTIFS(Ödemeler!$C$6:$C$305,A6,Ödemeler!$E$6:$E$305,"<>") -> 0 | H6: =IF(G6=0,"-",_xlfn.MAXIFS(Ödemeler!$B$6:$B$305,Ödemeler!$C$6:$C$305,A6)) -> - | I6: =Firmalar!F6 -> 165000 | J6: =SUMIFS('Ödeme Planı'!$D$6:$D$60,'Ödeme Planı'!$A$6:$A$60,A6,'Ödeme Planı'!$C$6:$C$60,"<="&TODAY()) -> 0 | K6: =D6-J6 -> 0 | L6: =SUMIFS(Ödemeler!$M$6:$M$305,Ödemeler!$C$6:$C$305,A6) -> 0 | M6: =COUNTIFS(Ödemeler!$C$6:$C$305,A6,Ödemeler!$K$6:$K$305,"Hayır")+COUNTIFS(Ödemeler!$C$6:$C$305,A6,Ödemeler!$J$6:$J$305,"") -> 0
A7: =Firmalar!A7 -> Nersetech | B7: =Firmalar!C7 -> EUR | C7: =Firmalar!D7 -> 257500 | D7: =SUMIFS(Ödemeler!$E$6:$E$305,Ödemeler!$C$6:$C$305,A7) -> 0 | E7: =C7-D7 -> 257500 | F7: =IF(C7=0,0,D7/C7) -> 0 | G7: =COUNTIFS(Ödemeler!$C$6:$C$305,A7,Ödemeler!$E$6:$E$305,"<>") -> 0 | H7: =IF(G7=0,"-",_xlfn.MAXIFS(Ödemeler!$B$6:$B$305,Ödemeler!$C$6:$C$305,A7)) -> - | I7: =Firmalar!F7 -> 154500 | J7: =SUMIFS('Ödeme Planı'!$D$6:$D$60,'Ödeme Planı'!$A$6:$A$60,A7,'Ödeme Planı'!$C$6:$C$60,"<="&TODAY()) -> 0 | K7: =D7-J7 -> 0 | L7: =SUMIFS(Ödemeler!$M$6:$M$305,Ödemeler!$C$6:$C$305,A7) -> 0 | M7: =COUNTIFS(Ödemeler!$C$6:$C$305,A7,Ödemeler!$K$6:$K$305,"Hayır")+COUNTIFS(Ödemeler!$C$6:$C$305,A7,Ödemeler!$J$6:$J$305,"") -> 0
A9: Para birimine göre toplam
A10: Para Birimi | C10: Sözleşme Tutarı | D10: Ödenen Toplam | E10: Kalan | F10: Ödeme Oranı | L10: TL Karşılığı Toplam
A11: USD | C11: =SUMIFS($C$5:$C$7,$B$5:$B$7,A11) -> 430000 | D11: =SUMIFS($D$5:$D$7,$B$5:$B$7,A11) -> 0 | E11: =C11-D11 -> 430000 | F11: =IF(C11=0,0,D11/C11) -> 0 | L11: =SUMIFS($L$5:$L$7,$B$5:$B$7,A11) -> 0
A12: EUR | C12: =SUMIFS($C$5:$C$7,$B$5:$B$7,A12) -> 532500 | D12: =SUMIFS($D$5:$D$7,$B$5:$B$7,A12) -> 0 | E12: =C12-D12 -> 532500 | F12: =IF(C12=0,0,D12/C12) -> 0 | L12: =SUMIFS($L$5:$L$7,$B$5:$B$7,A12) -> 0
A13: Genel TL toplamı | L13: =SUM(L5:L7) -> 0
A15: Notlar:
A16: • Tutarlar KDV hariçtir; kaynak YK Onay Notu (15.10.2026). Sözleşme bilgileri 'Firmalar' sayfasından değiştirilebilir.
A17: • 'Bugüne Kadar Planlanan', Ödeme Planı'nda bugün veya öncesine düşen taksitlerin toplamıdır (ilk ödeme tarihi Firmalar sayfasına girilmelidir).
A18: • 'Belgesiz Ödeme Adedi': makbuz no boş veya 'Belge Alındı mı?' = Hayır olan ödemeler. Fatura öncesi ödemeler avans olarak kaydedilir; her ödeme için imzalı makbuz alınmalıdır.

Sheet Firmalar
A1: Firma ve Sözleşme Bilgileri
A2: Kaynak: Yeni Fabrika Makine Alımları – YK Onay Notu (15.10.2026). Sarı hücreler değiştirilebilir.
A4: Firma | B4: Kapsam | C4: Para Birimi | D4: Sözleşme Tutarı (KDV hariç) | E4: Teslim Öncesi Oran | F4: Teslim Öncesi Tutar | G4: Taksit Tutarı (15 günde bir) | H4: Teslim Sonrası Taksit Sayısı (2/3) | I4: Ödeme Başlangıç Tarihi
A5: Özgün Mold | B5: Hidrolik presler ve kuyumcu makinaları (13 kalem) | C5: USD | D5: 430000 | E5: 0.6 | F5: =D5*E5 -> 258000 | G5: 20000 | H5: 2
A6: Teknik Plastik | B6: Arıtma kuleleri, kralsuyu tankları, reaktör (19 kalem) | C6: EUR | D6: 275000 | E6: 0.6 | F6: =D6*E6 -> 165000 | G6: 15000 | H6: 2
A7: Nersetech | B7: Eritme ocakları (5) ve kilobar makinası (3) | C7: EUR | D7: 257500 | E7: 0.6 | F7: =D7*E7 -> 154500 | G7: 15450 | H7: 2
A9: Para birimleri
A10: USD
A11: EUR
A12: TL

Sheet Ödeme Planı
A1: Teslim Öncesi Ödeme Planı (%60, 15 günde bir)
A2: Tarihler Firmalar sayfasındaki 'Ödeme Başlangıç Tarihi'nden üretilir. Teslim erken olursa kalan teslim öncesi tutar teslimde ödenir.
A5: Firma | B5: Taksit No | C5: Planlanan Tarih | D5: Planlanan Tutar | E5: Para Birimi | F5: Kümülatif Plan | G5: Kümülatif Ödenen | H5: Durum
A6: =Firmalar!$A$5 -> Özgün Mold | B6: 1 | C6: =IF(Firmalar!$I$5="","",Firmalar!$I$5+15*(B6-1)) | D6: =MIN(Firmalar!$G$5,Firmalar!$F$5-Firmalar!$G$5*(B6-1)) -> 20000 | E6: =Firmalar!$C$5 -> USD | F6: =SUMIFS($D$6:D6,$A$6:A6,A6) -> 20000 | G6: =SUMIFS(Ödemeler!$E$6:$E$305,Ödemeler!$C$6:$C$305,A6) -> 0 | H6: =IF(G6>=F6,"Ödendi",IF(C6="","Tarih yok",IF(C6<TODAY(),"GECİKTİ","Bekliyor"))) -> Tarih yok
A7: =Firmalar!$A$5 -> Özgün Mold | B7: 2 | C7: =IF(Firmalar!$I$5="","",Firmalar!$I$5+15*(B7-1)) | D7: =MIN(Firmalar!$G$5,Firmalar!$F$5-Firmalar!$G$5*(B7-1)) -> 20000 | E7: =Firmalar!$C$5 -> USD | F7: =SUMIFS($D$6:D7,$A$6:A7,A7) -> 40000 | G7: =SUMIFS(Ödemeler!$E$6:$E$305,Ödemeler!$C$6:$C$305,A7) -> 0 | H7: =IF(G7>=F7,"Ödendi",IF(C7="","Tarih yok",IF(C7<TODAY(),"GECİKTİ","Bekliyor"))) -> Tarih yok
A8: =Firmalar!$A$5 -> Özgün Mold | B8: 3 | C8: =IF(Firmalar!$I$5="","",Firmalar!$I$5+15*(B8-1)) | D8: =MIN(Firmalar!$G$5,Firmalar!$F$5-Firmalar!$G$5*(B8-1)) -> 20000 | E8: =Firmalar!$C$5 -> USD | F8: =SUMIFS($D$6:D8,$A$6:A8,A8) -> 60000 | G8: =SUMIFS(Ödemeler!$E$6:$E$305,Ödemeler!$C$6:$C$305,A8) -> 0 | H8: =IF(G8>=F8,"Ödendi",IF(C8="","Tarih yok",IF(C8<TODAY(),"GECİKTİ","Bekliyor"))) -> Tarih yok
A9: =Firmalar!$A$5 -> Özgün Mold | B9: 4 | C9: =IF(Firmalar!$I$5="","",Firmalar!$I$5+15*(B9-1)) | D9: =MIN(Firmalar!$G$5,Firmalar!$F$5-Firmalar!$G$5*(B9-1)) -> 20000 | E9: =Firmalar!$C$5 -> USD | F9: =SUMIFS($D$6:D9,$A$6:A9,A9) -> 80000 | G9: =SUMIFS(Ödemeler!$E$6:$E$305,Ödemeler!$C$6:$C$305,A9) -> 0 | H9: =IF(G9>=F9,"Ödendi",IF(C9="","Tarih yok",IF(C9<TODAY(),"GECİKTİ","Bekliyor"))) -> Tarih yok
A10: =Firmalar!$A$5 -> Özgün Mold | B10: 5 | C10: =IF(Firmalar!$I$5="","",Firmalar!$I$5+15*(B10-1)) | D10: =MIN(Firmalar!$G$5,Firmalar!$F$5-Firmalar!$G$5*(B10-1)) -> 20000 | E10: =Firmalar!$C$5 -> USD | F10: =SUMIFS($D$6:D10,$A$6:A10,A10) -> 100000 | G10: =SUMIFS(Ödemeler!$E$6:$E$305,Ödemeler!$C$6:$C$305,A10) -> 0 | H10: =IF(G10>=F10,"Ödendi",IF(C10="","Tarih yok",IF(C10<TODAY(),"GECİKTİ","Bekliyor"))) -> Tarih yok
A11: =Firmalar!$A$5 -> Özgün Mold | B11: 6 | C11: =IF(Firmalar!$I$5="","",Firmalar!$I$5+15*(B11-1)) | D11: =MIN(Firmalar!$G$5,Firmalar!$F$5-Firmalar!$G$5*(B11-1)) -> 20000 | E11: =Firmalar!$C$5 -> USD | F11: =SUMIFS($D$6:D11,$A$6:A11,A11) -> 120000 | G11: =SUMIFS(Ödemeler!$E$6:$E$305,Ödemeler!$C$6:$C$305,A11) -> 0 | H11: =IF(G11>=F11,"Ödendi",IF(C11="","Tarih yok",IF(C11<TODAY(),"GECİKTİ","Bekliyor"))) -> Tarih yok
A12: =Firmalar!$A$5 -> Özgün Mold | B12: 7 | C12: =IF(Firmalar!$I$5="","",Firmalar!$I$5+15*(B12-1)) | D12: =MIN(Firmalar!$G$5,Firmalar!$F$5-Firmalar!$G$5*(B12-1)) -> 20000 | E12: =Firmalar!$C$5 -> USD | F12: =SUMIFS($D$6:D12,$A$6:A12,A12) -> 140000 | G12: =SUMIFS(Ödemeler!$E$6:$E$305,Ödemeler!$C$6:$C$305,A12) -> 0 | H12: =IF(G12>=F12,"Ödendi",IF(C12="","Tarih yok",IF(C12<TODAY(),"GECİKTİ","Bekliyor"))) -> Tarih yok
A13: =Firmalar!$A$5 -> Özgün Mold | B13: 8 | C13: =IF(Firmalar!$I$5="","",Firmalar!$I$5+15*(B13-1)) | D13: =MIN(Firmalar!$G$5,Firmalar!$F$5-Firmalar!$G$5*(B13-1)) -> 20000 | E13: =Firmalar!$C$5 -> USD | F13: =SUMIFS($D$6:D13,$A$6:A13,A13) -> 160000 | G13: =SUMIFS(Ödemeler!$E$6:$E$305,Ödemeler!$C$6:$C$305,A13) -> 0 | H13: =IF(G13>=F13,"Ödendi",IF(C13="","Tarih yok",IF(C13<TODAY(),"GECİKTİ","Bekliyor"))) -> Tarih yok
A14: =Firmalar!$A$5 -> Özgün Mold | B14: 9 | C14: =IF(Firmalar!$I$5="","",Firmalar!$I$5+15*(B14-1)) | D14: =MIN(Firmalar!$G$5,Firmalar!$F$5-Firmalar!$G$5*(B14-1)) -> 20000 | E14: =Firmalar!$C$5 -> USD | F14: =SUMIFS($D$6:D14,$A$6:A14,A14) -> 180000 | G14: =SUMIFS(Ödemeler!$E$6:$E$305,Ödemeler!$C$6:$C$305,A14) -> 0 | H14: =IF(G14>=F14,"Ödendi",IF(C14="","Tarih yok",IF(C14<TODAY(),"GECİKTİ","Bekliyor"))) -> Tarih yok
A15: =Firmalar!$A$5 -> Özgün Mold | B15: 10 | C15: =IF(Firmalar!$I$5="","",Firmalar!$I$5+15*(B15-1)) | D15: =MIN(Firmalar!$G$5,Firmalar!$F$5-Firmalar!$G$5*(B15-1)) -> 20000 | E15: =Firmalar!$C$5 -> USD | F15: =SUMIFS($D$6:D15,$A$6:A15,A15) -> 200000 | G15: =SUMIFS(Ödemeler!$E$6:$E$305,Ödemeler!$C$6:$C$305,A15) -> 0 | H15: =IF(G15>=F15,"Ödendi",IF(C15="","Tarih yok",IF(C15<TODAY(),"GECİKTİ","Bekliyor"))) -> Tarih yok
A16: =Firmalar!$A$5 -> Özgün Mold | B16: 11 | C16: =IF(Firmalar!$I$5="","",Firmalar!$I$5+15*(B16-1)) | D16: =MIN(Firmalar!$G$5,Firmalar!$F$5-Firmalar!$G$5*(B16-1)) -> 20000 | E16: =Firmalar!$C$5 -> USD | F16: =SUMIFS($D$6:D16,$A$6:A16,A16) -> 220000 | G16: =SUMIFS(Ödemeler!$E$6:$E$305,Ödemeler!$C$6:$C$305,A16) -> 0 | H16: =IF(G16>=F16,"Ödendi",IF(C16="","Tarih yok",IF(C16<TODAY(),"GECİKTİ","Bekliyor"))) -> Tarih yok
A17: =Firmalar!$A$5 -> Özgün Mold | B17: 12 | C17: =IF(Firmalar!$I$5="","",Firmalar!$I$5+15*(B17-1)) | D17: =MIN(Firmalar!$G$5,Firmalar!$F$5-Firmalar!$G$5*(B17-1)) -> 20000 | E17: =Firmalar!$C$5 -> USD | F17: =SUMIFS($D$6:D17,$A$6:A17,A17) -> 240000 | G17: =SUMIFS(Ödemeler!$E$6:$E$305,Ödemeler!$C$6:$C$305,A17) -> 0 | H17: =IF(G17>=F17,"Ödendi",IF(C17="","Tarih yok",IF(C17<TODAY(),"GECİKTİ","Bekliyor"))) -> Tarih yok
A18: =Firmalar!$A$5 -> Özgün Mold | B18: 13 | C18: =IF(Firmalar!$I$5="","",Firmalar!$I$5+15*(B18-1)) | D18: =MIN(Firmalar!$G$5,Firmalar!$F$5-Firmalar!$G$5*(B18-1)) -> 18000 | E18: =Firmalar!$C$5 -> USD | F18: =SUMIFS($D$6:D18,$A$6:A18,A18) -> 258000 | G18: =SUMIFS(Ödemeler!$E$6:$E$305,Ödemeler!$C$6:$C$305,A18) -> 0 | H18: =IF(G18>=F18,"Ödendi",IF(C18="","Tarih yok",IF(C18<TODAY(),"GECİKTİ","Bekliyor"))) -> Tarih yok
A19: =Firmalar!$A$5 -> Özgün Mold | B19: Teslim sonrası | C19: Teslimden sonra | D19: =Firmalar!$D$5-Firmalar!$F$5 -> 172000 | E19: =Firmalar!$C$5 -> USD | F19: =Firmalar!$D$5 -> 430000 | G19: =SUMIFS(Ödemeler!$E$6:$E$305,Ödemeler!$C$6:$C$305,A19) -> 0 | H19: ="%40 – "&Firmalar!$H$5&" eşit taksit: "&TEXT(D19/Firmalar!$H$5,"#,##0")&" "&E19 -> %40 – 2 eşit taksit: 86,000 USD
A20: =Firmalar!$A$6 -> Teknik Plastik | B20: 1 | C20: =IF(Firmalar!$I$6="","",Firmalar!$I$6+15*(B20-1)) | D20: =MIN(Firmalar!$G$6,Firmalar!$F$6-Firmalar!$G$6*(B20-1)) -> 15000 | E20: =Firmalar!$C$6 -> EUR | F20: =SUMIFS($D$6:D20,$A$6:A20,A20) -> 15000 | G20: =SUMIFS(Ödemeler!$E$6:$E$305,Ödemeler!$C$6:$C$305,A20) -> 0 | H20: =IF(G20>=F20,"Ödendi",IF(C20="","Tarih yok",IF(C20<TODAY(),"GECİKTİ","Bekliyor"))) -> Tarih yok
A21: =Firmalar!$A$6 -> Teknik Plastik | B21: 2 | C21: =IF(Firmalar!$I$6="","",Firmalar!$I$6+15*(B21-1)) | D21: =MIN(Firmalar!$G$6,Firmalar!$F$6-Firmalar!$G$6*(B21-1)) -> 15000 | E21: =Firmalar!$C$6 -> EUR | F21: =SUMIFS($D$6:D21,$A$6:A21,A21) -> 30000 | G21: =SUMIFS(Ödemeler!$E$6:$E$305,Ödemeler!$C$6:$C$305,A21) -> 0 | H21: =IF(G21>=F21,"Ödendi",IF(C21="","Tarih yok",IF(C21<TODAY(),"GECİKTİ","Bekliyor"))) -> Tarih yok
A22: =Firmalar!$A$6 -> Teknik Plastik | B22: 3 | C22: =IF(Firmalar!$I$6="","",Firmalar!$I$6+15*(B22-1)) | D22: =MIN(Firmalar!$G$6,Firmalar!$F$6-Firmalar!$G$6*(B22-1)) -> 15000 | E22: =Firmalar!$C$6 -> EUR | F22: =SUMIFS($D$6:D22,$A$6:A22,A22) -> 45000 | G22: =SUMIFS(Ödemeler!$E$6:$E$305,Ödemeler!$C$6:$C$305,A22) -> 0 | H22: =IF(G22>=F22,"Ödendi",IF(C22="","Tarih yok",IF(C22<TODAY(),"GECİKTİ","Bekliyor"))) -> Tarih yok
A23: =Firmalar!$A$6 -> Teknik Plastik | B23: 4 | C23: =IF(Firmalar!$I$6="","",Firmalar!$I$6+15*(B23-1)) | D23: =MIN(Firmalar!$G$6,Firmalar!$F$6-Firmalar!$G$6*(B23-1)) -> 15000 | E23: =Firmalar!$C$6 -> EUR | F23: =SUMIFS($D$6:D23,$A$6:A23,A23) -> 60000 | G23: =SUMIFS(Ödemeler!$E$6:$E$305,Ödemeler!$C$6:$C$305,A23) -> 0 | H23: =IF(G23>=F23,"Ödendi",IF(C23="","Tarih yok",IF(C23<TODAY(),"GECİKTİ","Bekliyor"))) -> Tarih yok
A24: =Firmalar!$A$6 -> Teknik Plastik | B24: 5 | C24: =IF(Firmalar!$I$6="","",Firmalar!$I$6+15*(B24-1)) | D24: =MIN(Firmalar!$G$6,Firmalar!$F$6-Firmalar!$G$6*(B24-1)) -> 15000 | E24: =Firmalar!$C$6 -> EUR | F24: =SUMIFS($D$6:D24,$A$6:A24,A24) -> 75000 | G24: =SUMIFS(Ödemeler!$E$6:$E$305,Ödemeler!$C$6:$C$305,A24) -> 0 | H24: =IF(G24>=F24,"Ödendi",IF(C24="","Tarih yok",IF(C24<TODAY(),"GECİKTİ","Bekliyor"))) -> Tarih yok
A25: =Firmalar!$A$6 -> Teknik Plastik | B25: 6 | C25: =IF(Firmalar!$I$6="","",Firmalar!$I$6+15*(B25-1)) | D25: =MIN(Firmalar!$G$6,Firmalar!$F$6-Firmalar!$G$6*(B25-1)) -> 15000 | E25: =Firmalar!$C$6 -> EUR | F25: =SUMIFS($D$6:D25,$A$6:A25,A25) -> 90000 | G25: =SUMIFS(Ödemeler!$E$6:$E$305,Ödemeler!$C$6:$C$305,A25) -> 0 | H25: =IF(G25>=F25,"Ödendi",IF(C25="","Tarih yok",IF(C25<TODAY(),"GECİKTİ","Bekliyor"))) -> Tarih yok
A26: =Firmalar!$A$6 -> Teknik Plastik | B26: 7 | C26: =IF(Firmalar!$I$6="","",Firmalar!$I$6+15*(B26-1)) | D26: =MIN(Firmalar!$G$6,Firmalar!$F$6-Firmalar!$G$6*(B26-1)) -> 15000 | E26: =Firmalar!$C$6 -> EUR | F26: =SUMIFS($D$6:D26,$A$6:A26,A26) -> 105000 | G26: =SUMIFS(Ödemeler!$E$6:$E$305,Ödemeler!$C$6:$C$305,A26) -> 0 | H26: =IF(G26>=F26,"Ödendi",IF(C26="","Tarih yok",IF(C26<TODAY(),"GECİKTİ","Bekliyor"))) -> Tarih yok
A27: =Firmalar!$A$6 -> Teknik Plastik | B27: 8 | C27: =IF(Firmalar!$I$6="","",Firmalar!$I$6+15*(B27-1)) | D27: =MIN(Firmalar!$G$6,Firmalar!$F$6-Firmalar!$G$6*(B27-1)) -> 15000 | E27: =Firmalar!$C$6 -> EUR | F27: =SUMIFS($D$6:D27,$A$6:A27,A27) -> 120000 | G27: =SUMIFS(Ödemeler!$E$6:$E$305,Ödemeler!$C$6:$C$305,A27) -> 0 | H27: =IF(G27>=F27,"Ödendi",IF(C27="","Tarih yok",IF(C27<TODAY(),"GECİKTİ","Bekliyor"))) -> Tarih yok
A28: =Firmalar!$A$6 -> Teknik Plastik | B28: 9 | C28: =IF(Firmalar!$I$6="","",Firmalar!$I$6+15*(B28-1)) | D28: =MIN(Firmalar!$G$6,Firmalar!$F$6-Firmalar!$G$6*(B28-1)) -> 15000 | E28: =Firmalar!$C$6 -> EUR | F28: =SUMIFS($D$6:D28,$A$6:A28,A28) -> 135000 | G28: =SUMIFS(Ödemeler!$E$6:$E$305,Ödemeler!$C$6:$C$305,A28) -> 0 | H28: =IF(G28>=F28,"Ödendi",IF(C28="","Tarih yok",IF(C28<TODAY(),"GECİKTİ","Bekliyor"))) -> Tarih yok
A29: =Firmalar!$A$6 -> Teknik Plastik | B29: 10 | C29: =IF(Firmalar!$I$6="","",Firmalar!$I$6+15*(B29-1)) | D29: =MIN(Firmalar!$G$6,Firmalar!$F$6-Firmalar!$G$6*(B29-1)) -> 15000 | E29: =Firmalar!$C$6 -> EUR | F29: =SUMIFS($D$6:D29,$A$6:A29,A29) -> 150000 | G29: =SUMIFS(Ödemeler!$E$6:$E$305,Ödemeler!$C$6:$C$305,A29) -> 0 | H29: =IF(G29>=F29,"Ödendi",IF(C29="","Tarih yok",IF(C29<TODAY(),"GECİKTİ","Bekliyor"))) -> Tarih yok
A30: =Firmalar!$A$6 -> Teknik Plastik | B30: 11 | C30: =IF(Firmalar!$I$6="","",Firmalar!$I$6+15*(B30-1)) | D30: =MIN(Firmalar!$G$6,Firmalar!$F$6-Firmalar!$G$6*(B30-1)) -> 15000 | E30: =Firmalar!$C$6 -> EUR | F30: =SUMIFS($D$6:D30,$A$6:A30,A30) -> 165000 | G30: =SUMIFS(Ödemeler!$E$6:$E$305,Ödemeler!$C$6:$C$305,A30) -> 0 | H30: =IF(G30>=F30,"Ödendi",IF(C30="","Tarih yok",IF(C30<TODAY(),"GECİKTİ","Bekliyor"))) -> Tarih yok
A31: =Firmalar!$A$6 -> Teknik Plastik | B31: Teslim sonrası | C31: Teslimden sonra | D31: =Firmalar!$D$6-Firmalar!$F$6 -> 110000 | E31: =Firmalar!$C$6 -> EUR | F31: =Firmalar!$D$6 -> 275000 | G31: =SUMIFS(Ödemeler!$E$6:$E$305,Ödemeler!$C$6:$C$305,A31) -> 0 | H31: ="%40 – "&Firmalar!$H$6&" eşit taksit: "&TEXT(D31/Firmalar!$H$6,"#,##0")&" "&E31 -> %40 – 2 eşit taksit: 55,000 EUR
A32: =Firmalar!$A$7 -> Nersetech | B32: 1 | C32: =IF(Firmalar!$I$7="","",Firmalar!$I$7+15*(B32-1)) | D32: =MIN(Firmalar!$G$7,Firmalar!$F$7-Firmalar!$G$7*(B32-1)) -> 15450 | E32: =Firmalar!$C$7 -> EUR | F32: =SUMIFS($D$6:D32,$A$6:A32,A32) -> 15450 | G32: =SUMIFS(Ödemeler!$E$6:$E$305,Ödemeler!$C$6:$C$305,A32) -> 0 | H32: =IF(G32>=F32,"Ödendi",IF(C32="","Tarih yok",IF(C32<TODAY(),"GECİKTİ","Bekliyor"))) -> Tarih yok
A33: =Firmalar!$A$7 -> Nersetech | B33: 2 | C33: =IF(Firmalar!$I$7="","",Firmalar!$I$7+15*(B33-1)) | D33: =MIN(Firmalar!$G$7,Firmalar!$F$7-Firmalar!$G$7*(B33-1)) -> 15450 | E33: =Firmalar!$C$7 -> EUR | F33: =SUMIFS($D$6:D33,$A$6:A33,A33) -> 30900 | G33: =SUMIFS(Ödemeler!$E$6:$E$305,Ödemeler!$C$6:$C$305,A33) -> 0 | H33: =IF(G33>=F33,"Ödendi",IF(C33="","Tarih yok",IF(C33<TODAY(),"GECİKTİ","Bekliyor"))) -> Tarih yok
A34: =Firmalar!$A$7 -> Nersetech | B34: 3 | C34: =IF(Firmalar!$I$7="","",Firmalar!$I$7+15*(B34-1)) | D34: =MIN(Firmalar!$G$7,Firmalar!$F$7-Firmalar!$G$7*(B34-1)) -> 15450 | E34: =Firmalar!$C$7 -> EUR | F34: =SUMIFS($D$6:D34,$A$6:A34,A34) -> 46350 | G34: =SUMIFS(Ödemeler!$E$6:$E$305,Ödemeler!$C$6:$C$305,A34) -> 0 | H34: =IF(G34>=F34,"Ödendi",IF(C34="","Tarih yok",IF(C34<TODAY(),"GECİKTİ","Bekliyor"))) -> Tarih yok
A35: =Firmalar!$A$7 -> Nersetech | B35: 4 | C35: =IF(Firmalar!$I$7="","",Firmalar!$I$7+15*(B35-1)) | D35: =MIN(Firmalar!$G$7,Firmalar!$F$7-Firmalar!$G$7*(B35-1)) -> 15450 | E35: =Firmalar!$C$7 -> EUR | F35: =SUMIFS($D$6:D35,$A$6:A35,A35) -> 61800 | G35: =SUMIFS(Ödemeler!$E$6:$E$305,Ödemeler!$C$6:$C$305,A35) -> 0 | H35: =IF(G35>=F35,"Ödendi",IF(C35="","Tarih yok",IF(C35<TODAY(),"GECİKTİ","Bekliyor"))) -> Tarih yok
A36: =Firmalar!$A$7 -> Nersetech | B36: 5 | C36: =IF(Firmalar!$I$7="","",Firmalar!$I$7+15*(B36-1)) | D36: =MIN(Firmalar!$G$7,Firmalar!$F$7-Firmalar!$G$7*(B36-1)) -> 15450 | E36: =Firmalar!$C$7 -> EUR | F36: =SUMIFS($D$6:D36,$A$6:A36,A36) -> 77250 | G36: =SUMIFS(Ödemeler!$E$6:$E$305,Ödemeler!$C$6:$C$305,A36) -> 0 | H36: =IF(G36>=F36,"Ödendi",IF(C36="","Tarih yok",IF(C36<TODAY(),"GECİKTİ","Bekliyor"))) -> Tarih yok
A37: =Firmalar!$A$7 -> Nersetech | B37: 6 | C37: =IF(Firmalar!$I$7="","",Firmalar!$I$7+15*(B37-1)) | D37: =MIN(Firmalar!$G$7,Firmalar!$F$7-Firmalar!$G$7*(B37-1)) -> 15450 | E37: =Firmalar!$C$7 -> EUR | F37: =SUMIFS($D$6:D37,$A$6:A37,A37) -> 92700 | G37: =SUMIFS(Ödemeler!$E$6:$E$305,Ödemeler!$C$6:$C$305,A37) -> 0 | H37: =IF(G37>=F37,"Ödendi",IF(C37="","Tarih yok",IF(C37<TODAY(),"GECİKTİ","Bekliyor"))) -> Tarih yok
A38: =Firmalar!$A$7 -> Nersetech | B38: 7 | C38: =IF(Firmalar!$I$7="","",Firmalar!$I$7+15*(B38-1)) | D38: =MIN(Firmalar!$G$7,Firmalar!$F$7-Firmalar!$G$7*(B38-1)) -> 15450 | E38: =Firmalar!$C$7 -> EUR | F38: =SUMIFS($D$6:D38,$A$6:A38,A38) -> 108150 | G38: =SUMIFS(Ödemeler!$E$6:$E$305,Ödemeler!$C$6:$C$305,A38) -> 0 | H38: =IF(G38>=F38,"Ödendi",IF(C38="","Tarih yok",IF(C38<TODAY(),"GECİKTİ","Bekliyor"))) -> Tarih yok
A39: =Firmalar!$A$7 -> Nersetech | B39: 8 | C39: =IF(Firmalar!$I$7="","",Firmalar!$I$7+15*(B39-1)) | D39: =MIN(Firmalar!$G$7,Firmalar!$F$7-Firmalar!$G$7*(B39-1)) -> 15450 | E39: =Firmalar!$C$7 -> EUR | F39: =SUMIFS($D$6:D39,$A$6:A39,A39) -> 123600 | G39: =SUMIFS(Ödemeler!$E$6:$E$305,Ödemeler!$C$6:$C$305,A39) -> 0 | H39: =IF(G39>=F39,"Ödendi",IF(C39="","Tarih yok",IF(C39<TODAY(),"GECİKTİ","Bekliyor"))) -> Tarih yok
A40: =Firmalar!$A$7 -> Nersetech | B40: 9 | C40: =IF(Firmalar!$I$7="","",Firmalar!$I$7+15*(B40-1)) | D40: =MIN(Firmalar!$G$7,Firmalar!$F$7-Firmalar!$G$7*(B40-1)) -> 15450 | E40: =Firmalar!$C$7 -> EUR | F40: =SUMIFS($D$6:D40,$A$6:A40,A40) -> 139050 | G40: =SUMIFS(Ödemeler!$E$6:$E$305,Ödemeler!$C$6:$C$305,A40) -> 0 | H40: =IF(G40>=F40,"Ödendi",IF(C40="","Tarih yok",IF(C40<TODAY(),"GECİKTİ","Bekliyor"))) -> Tarih yok
A41: =Firmalar!$A$7 -> Nersetech | B41: 10 | C41: =IF(Firmalar!$I$7="","",Firmalar!$I$7+15*(B41-1)) | D41: =MIN(Firmalar!$G$7,Firmalar!$F$7-Firmalar!$G$7*(B41-1)) -> 15450 | E41: =Firmalar!$C$7 -> EUR | F41: =SUMIFS($D$6:D41,$A$6:A41,A41) -> 154500 | G41: =SUMIFS(Ödemeler!$E$6:$E$305,Ödemeler!$C$6:$C$305,A41) -> 0 | H41: =IF(G41>=F41,"Ödendi",IF(C41="","Tarih yok",IF(C41<TODAY(),"GECİKTİ","Bekliyor"))) -> Tarih yok
A42: =Firmalar!$A$7 -> Nersetech | B42: Teslim sonrası | C42: Teslimden sonra | D42: =Firmalar!$D$7-Firmalar!$F$7 -> 103000 | E42: =Firmalar!$C$7 -> EUR | F42: =Firmalar!$D$7 -> 257500 | G42: =SUMIFS(Ödemeler!$E$6:$E$305,Ödemeler!$C$6:$C$305,A42) -> 0 | H42: ="%40 – "&Firmalar!$H$7&" eşit taksit: "&TEXT(D42/Firmalar!$H$7,"#,##0")&" "&E42 -> %40 – 2 eşit taksit: 51,500 EUR

Sheet Ödemeler
A1: Elden Nakit Ödeme Kayıtları
A2: Nasıl doldurulur: Her ödeme için bir satır açın. Sarı sütunları siz doldurun; Para Birimi ve TL Karşılığı otomatik hesaplanır.
A3: Örnek: 03.11.2026 | Özgün Mold | 20.000 | Elden nakit | 1 | Ahmet Yılmaz (Özgün Mold) | Ödeyen: … | Tahsilat makbuzu 0001 | Kur 36,50 | 1. taksit
A5: Sıra | B5: Ödeme Tarihi | C5: Firma | D5: Para Birimi | E5: Tutar | F5: Ödeme Şekli | G5: Taksit No | H5: Teslim Alan (Ad Soyad) | I5: Ödeyen (Ad Soyad) | J5: Makbuz / Belge No | K5: Belge Alındı mı? | L5: Kur (TL) | M5: TL Karşılığı | N5: Açıklama
A6: =IF(C6="","",ROW()-5) | D6: =IF(C6="","",INDEX(Firmalar!$C$5:$C$7,MATCH(C6,Firmalar!$A$5:$A$7,0))) | M6: =IF(OR(E6="",L6=""),"",E6*L6)
A7: =IF(C7="","",ROW()-5) | D7: =IF(C7="","",INDEX(Firmalar!$C$5:$C$7,MATCH(C7,Firmalar!$A$5:$A$7,0))) | M7: =IF(OR(E7="",L7=""),"",E7*L7)
A8: =IF(C8="","",ROW()-5) | D8: =IF(C8="","",INDEX(Firmalar!$C$5:$C$7,MATCH(C8,Firmalar!$A$5:$A$7,0))) | M8: =IF(OR(E8="",L8=""),"",E8*L8)
A9: =IF(C9="","",ROW()-5) | D9: =IF(C9="","",INDEX(Firmalar!$C$5:$C$7,MATCH(C9,Firmalar!$A$5:$A$7,0))) | M9: =IF(OR(E9="",L9=""),"",E9*L9)
A10: =IF(C10="","",ROW()-5) | D10: =IF(C10="","",INDEX(Firmalar!$C$5:$C$7,MATCH(C10,Firmalar!$A$5:$A$7,0))) | M10: =IF(OR(E10="",L10=""),"",E10*L10)
A11: =IF(C11="","",ROW()-5) | D11: =IF(C11="","",INDEX(Firmalar!$C$5:$C$7,MATCH(C11,Firmalar!$A$5:$A$7,0))) | M11: =IF(OR(E11="",L11=""),"",E11*L11)
A12: =IF(C12="","",ROW()-5) | D12: =IF(C12="","",INDEX(Firmalar!$C$5:$C$7,MATCH(C12,Firmalar!$A$5:$A$7,0))) | M12: =IF(OR(E12="",L12=""),"",E12*L12)
A13: =IF(C13="","",ROW()-5) | D13: =IF(C13="","",INDEX(Firmalar!$C$5:$C$7,MATCH(C13,Firmalar!$A$5:$A$7,0))) | M13: =IF(OR(E13="",L13=""),"",E13*L13)
A14: =IF(C14="","",ROW()-5) | D14: =IF(C14="","",INDEX(Firmalar!$C$5:$C$7,MATCH(C14,Firmalar!$A$5:$A$7,0))) | M14: =IF(OR(E14="",L14=""),"",E14*L14)
A15: =IF(C15="","",ROW()-5) | D15: =IF(C15="","",INDEX(Firmalar!$C$5:$C$7,MATCH(C15,Firmalar!$A$5:$A$7,0))) | M15: =IF(OR(E15="",L15=""),"",E15*L15)
A16: =IF(C16="","",ROW()-5) | D16: =IF(C16="","",INDEX(Firmalar!$C$5:$C$7,MATCH(C16,Firmalar!$A$5:$A$7,0))) | M16: =IF(OR(E16="",L16=""),"",E16*L16)
A17: =IF(C17="","",ROW()-5) | D17: =IF(C17="","",INDEX(Firmalar!$C$5:$C$7,MATCH(C17,Firmalar!$A$5:$A$7,0))) | M17: =IF(OR(E17="",L17=""),"",E17*L17)
... A305: =IF(C305="","",ROW()-5) | D305: =IF(C305="","",INDEX(Firmalar!$C$5:$C$7,MATCH(C305,Firmalar!$A$5:$A$7,0))) | M305: =IF(OR(E305="",L305=""),"",E305*L305)
